Date,Channel,Ad_Spend
2026-07-03,Google Ads,1741.37
2026-07-03,Meta Ads,994.22
2026-07-03,LinkedIn Ads,690.8
2026-07-03,Email Marketing,165.11
2026-07-04,Google Ads,1330.22
2026-07-04,Meta Ads,852.1
2026-07-04,LinkedIn Ads,515.19
2026-07-04,Email Marketing,168.18
2026-07-05,Google Ads,796.37
2026-07-05,Meta Ads,1011.02
2026-07-05,LinkedIn Ads,652.88
2026-07-05,Email Marketing,132.33
2026-07-06,Google Ads,1237.74
2026-07-06,Meta Ads,786.17
2026-07-06,LinkedIn Ads,506.68
2026-07-06,Email Marketing,178.65
2026-07-07,Google Ads,1238.16
2026-07-07,Meta Ads,1196.81
2026-07-07,LinkedIn Ads,860.6
2026-07-07,Email Marketing,170.51
2026-07-08,Google Ads,1260.53
2026-07-08,Meta Ads,1154.06
2026-07-08,LinkedIn Ads,429.39
2026-07-08,Email Marketing,115.23
2026-07-09,Google Ads,1173.03
2026-07-09,Meta Ads,958.58
2026-07-09,LinkedIn Ads,616.69
2026-07-09,Email Marketing,155.54
2026-07-10,Google Ads,1361.54
2026-07-10,Meta Ads,910.94
2026-07-10,LinkedIn Ads,663.88
2026-07-10,Email Marketing,159.89
2026-07-11,Google Ads,1100.58
2026-07-11,Meta Ads,786.89
2026-07-11,LinkedIn Ads,505.66
2026-07-11,Email Marketing,164.54
2026-07-12,Google Ads,1176.65
2026-07-12,Meta Ads,1185.26
2026-07-12,LinkedIn Ads,623.81
2026-07-12,Email Marketing,209.9
2026-07-13,Google Ads,1001.35
2026-07-13,Meta Ads,929.52
2026-07-13,LinkedIn Ads,486.34
2026-07-13,Email Marketing,150.01
2026-07-14,Google Ads,1405.2
2026-07-14,Meta Ads,876.51
2026-07-14,LinkedIn Ads,596.84
2026-07-14,Email Marketing,169.49
2026-07-15,Google Ads,1630.97
2026-07-15,Meta Ads,808.46
2026-07-15,LinkedIn Ads,524.47
2026-07-15,Email Marketing,139.61
2026-07-16,Google Ads,1229.41
2026-07-16,Meta Ads,828.08
2026-07-16,LinkedIn Ads,655.88
2026-07-16,Email Marketing,180.74
2026-07-17,Google Ads,1014.83
2026-07-17,Meta Ads,1179.43
2026-07-17,LinkedIn Ads,486.62
2026-07-17,Email Marketing,168.31
2026-07-18,Google Ads,1277.21
2026-07-18,Meta Ads,1212.6
2026-07-18,LinkedIn Ads,562.35
2026-07-18,Email Marketing,156.91
2026-07-19,Google Ads,1336.24
2026-07-19,Meta Ads,1055.27
2026-07-19,LinkedIn Ads,596.88
2026-07-19,Email Marketing,208.2
2026-07-20,Google Ads,998.96
2026-07-20,Meta Ads,788.73
2026-07-20,LinkedIn Ads,618.71
2026-07-20,Email Marketing,128.01
2026-07-21,Google Ads,923.42
2026-07-21,Meta Ads,1122.37
2026-07-21,LinkedIn Ads,696.15
2026-07-21,Email Marketing,85.76
2026-07-22,Google Ads,1398.51
2026-07-22,Meta Ads,1078.84
2026-07-22,LinkedIn Ads,495.32
2026-07-22,Email Marketing,188.78
2026-07-23,Google Ads,906.5
2026-07-23,Meta Ads,825.89
2026-07-23,LinkedIn Ads,583.75
2026-07-23,Email Marketing,164.57
2026-07-24,Google Ads,1278.5
2026-07-24,Meta Ads,933.22
2026-07-24,LinkedIn Ads,514.48
2026-07-24,Email Marketing,196.26
2026-07-25,Google Ads,1333.26
2026-07-25,Meta Ads,819.26
2026-07-25,LinkedIn Ads,543.14
2026-07-25,Email Marketing,192.22
2026-07-26,Google Ads,1328.36
2026-07-26,Meta Ads,764.24
2026-07-26,LinkedIn Ads,560.88
2026-07-26,Email Marketing,180.85
2026-07-27,Google Ads,805.48
2026-07-27,Meta Ads,769.97
2026-07-27,LinkedIn Ads,672.08
2026-07-27,Email Marketing,113.31
2026-07-28,Google Ads,1521.36
2026-07-28,Meta Ads,732.64
2026-07-28,LinkedIn Ads,461.46
2026-07-28,Email Marketing,110.11
2026-07-29,Google Ads,1208.29
2026-07-29,Meta Ads,838.34
2026-07-29,LinkedIn Ads,522.87
2026-07-29,Email Marketing,153.31
2026-07-30,Google Ads,1039.07
2026-07-30,Meta Ads,938.03
2026-07-30,LinkedIn Ads,664.91
2026-07-30,Email Marketing,160.77
2026-07-31,Google Ads,983.91
2026-07-31,Meta Ads,1035.36
2026-07-31,LinkedIn Ads,616.18
2026-07-31,Email Marketing,174.99
2026-08-01,Google Ads,1395.14
2026-08-01,Meta Ads,841.76
2026-08-01,LinkedIn Ads,678.33
2026-08-01,Email Marketing,128.73
2026-08-02,Google Ads,1317.37
2026-08-02,Meta Ads,656.8
2026-08-02,LinkedIn Ads,667.75
2026-08-02,Email Marketing,150.78
2026-08-03,Google Ads,864.34
2026-08-03,Meta Ads,950.1
2026-08-03,LinkedIn Ads,546.75
2026-08-03,Email Marketing,213.53
2026-08-04,Google Ads,1239.5
2026-08-04,Meta Ads,1245.45
2026-08-04,LinkedIn Ads,672.9
2026-08-04,Email Marketing,124.11
2026-08-05,Google Ads,1261.13
2026-08-05,Meta Ads,936.48
2026-08-05,LinkedIn Ads,686.42
2026-08-05,Email Marketing,103.17
2026-08-06,Google Ads,1149.62
2026-08-06,Meta Ads,813.28
2026-08-06,LinkedIn Ads,623.7
2026-08-06,Email Marketing,156.02
2026-08-07,Google Ads,1265.57
2026-08-07,Meta Ads,1001.17
2026-08-07,LinkedIn Ads,582.59
2026-08-07,Email Marketing,173.4
2026-08-08,Google Ads,1123.35
2026-08-08,Meta Ads,838.6
2026-08-08,LinkedIn Ads,634.35
2026-08-08,Email Marketing,155.89
2026-08-09,Google Ads,1003.44
2026-08-09,Meta Ads,1234.73
2026-08-09,LinkedIn Ads,502.86
2026-08-09,Email Marketing,104.33
2026-08-10,Google Ads,1426.74
2026-08-10,Meta Ads,979.23
2026-08-10,LinkedIn Ads,639.35
2026-08-10,Email Marketing,131.08
2026-08-11,Google Ads,920.34
2026-08-11,Meta Ads,867.1
2026-08-11,LinkedIn Ads,595.43
2026-08-11,Email Marketing,150.37
2026-08-12,Google Ads,1218.73
2026-08-12,Meta Ads,1086.12
2026-08-12,LinkedIn Ads,490.23
2026-08-12,Email Marketing,92.76
2026-08-13,Google Ads,1123.98
2026-08-13,Meta Ads,650.09
2026-08-13,LinkedIn Ads,326.3
2026-08-13,Email Marketing,195.68
2026-08-14,Google Ads,1235.6
2026-08-14,Meta Ads,805.98
2026-08-14,LinkedIn Ads,560.89
2026-08-14,Email Marketing,202.3
2026-08-15,Google Ads,1426.0
2026-08-15,Meta Ads,1034.67
2026-08-15,LinkedIn Ads,633.09
2026-08-15,Email Marketing,118.11
2026-08-16,Google Ads,1174.92
2026-08-16,Meta Ads,758.16
2026-08-16,LinkedIn Ads,802.95
2026-08-16,Email Marketing,118.61
2026-08-17,Google Ads,938.7
2026-08-17,Meta Ads,655.06
2026-08-17,LinkedIn Ads,680.21
2026-08-17,Email Marketing,99.97
2026-08-18,Google Ads,1321.77
2026-08-18,Meta Ads,942.97
2026-08-18,LinkedIn Ads,579.42
2026-08-18,Email Marketing,224.82
2026-08-19,Google Ads,1090.55
2026-08-19,Meta Ads,974.51
2026-08-19,LinkedIn Ads,476.44
2026-08-19,Email Marketing,126.05
2026-08-20,Google Ads,1350.82
2026-08-20,Meta Ads,784.19
2026-08-20,LinkedIn Ads,596.56
2026-08-20,Email Marketing,170.65
2026-08-21,Google Ads,1216.3
2026-08-21,Meta Ads,837.72
2026-08-21,LinkedIn Ads,605.37
2026-08-21,Email Marketing,86.55
2026-08-22,Google Ads,1144.1
2026-08-22,Meta Ads,1059.41
2026-08-22,LinkedIn Ads,775.2
2026-08-22,Email Marketing,170.87
2026-08-23,Google Ads,1230.73
2026-08-23,Meta Ads,925.15
2026-08-23,LinkedIn Ads,523.41
2026-08-23,Email Marketing,178.87
2026-08-24,Google Ads,1380.57
2026-08-24,Meta Ads,819.31
2026-08-24,LinkedIn Ads,445.03
2026-08-24,Email Marketing,163.06
2026-08-25,Google Ads,1451.98
2026-08-25,Meta Ads,832.82
2026-08-25,LinkedIn Ads,626.62
2026-08-25,Email Marketing,162.38
2026-08-26,Google Ads,1397.75
2026-08-26,Meta Ads,977.07
2026-08-26,LinkedIn Ads,507.18
2026-08-26,Email Marketing,175.41
2026-08-27,Google Ads,1140.31
2026-08-27,Meta Ads,904.37
2026-08-27,LinkedIn Ads,688.9
2026-08-27,Email Marketing,94.82
2026-08-28,Google Ads,1372.72
2026-08-28,Meta Ads,738.51
2026-08-28,LinkedIn Ads,541.96
2026-08-28,Email Marketing,186.27
2026-08-29,Google Ads,1440.35
2026-08-29,Meta Ads,776.93
2026-08-29,LinkedIn Ads,497.04
2026-08-29,Email Marketing,104.25
2026-08-30,Google Ads,1029.03
2026-08-30,Meta Ads,1140.42
2026-08-30,LinkedIn Ads,618.55
2026-08-30,Email Marketing,120.18
2026-08-31,Google Ads,1173.62
2026-08-31,Meta Ads,699.74
2026-08-31,LinkedIn Ads,591.07
2026-08-31,Email Marketing,170.96
2026-09-01,Google Ads,918.17
2026-09-01,Meta Ads,1030.64
2026-09-01,LinkedIn Ads,758.58
2026-09-01,Email Marketing,177.89
2026-09-02,Google Ads,1089.82
2026-09-02,Meta Ads,1041.31
2026-09-02,LinkedIn Ads,502.47
2026-09-02,Email Marketing,118.35
2026-09-03,Google Ads,1633.08
2026-09-03,Meta Ads,709.91
2026-09-03,LinkedIn Ads,519.72
2026-09-03,Email Marketing,142.4
2026-09-04,Google Ads,1218.14
2026-09-04,Meta Ads,1098.26
2026-09-04,LinkedIn Ads,679.41
2026-09-04,Email Marketing,190.79
2026-09-05,Google Ads,1354.39
2026-09-05,Meta Ads,944.13
2026-09-05,LinkedIn Ads,460.85
2026-09-05,Email Marketing,154.42
2026-09-06,Google Ads,1054.11
2026-09-06,Meta Ads,791.98
2026-09-06,LinkedIn Ads,571.47
2026-09-06,Email Marketing,212.72
2026-09-07,Google Ads,1400.81
2026-09-07,Meta Ads,1054.79
2026-09-07,LinkedIn Ads,491.89
2026-09-07,Email Marketing,149.99
2026-09-08,Google Ads,1156.02
2026-09-08,Meta Ads,943.92
2026-09-08,LinkedIn Ads,683.44
2026-09-08,Email Marketing,145.79
2026-09-09,Google Ads,1223.83
2026-09-09,Meta Ads,999.86
2026-09-09,LinkedIn Ads,640.76
2026-09-09,Email Marketing,174.24
2026-09-10,Google Ads,652.71
2026-09-10,Meta Ads,752.23
2026-09-10,LinkedIn Ads,584.47
2026-09-10,Email Marketing,119.6
2026-09-11,Google Ads,982.51
2026-09-11,Meta Ads,514.83
2026-09-11,LinkedIn Ads,666.1
2026-09-11,Email Marketing,140.01
2026-09-12,Google Ads,1014.28
2026-09-12,Meta Ads,1157.39
2026-09-12,LinkedIn Ads,553.12
2026-09-12,Email Marketing,175.8
2026-09-13,Google Ads,1246.02
2026-09-13,Meta Ads,992.8
2026-09-13,LinkedIn Ads,394.74
2026-09-13,Email Marketing,145.0
2026-09-14,Google Ads,1110.83
2026-09-14,Meta Ads,1002.88
2026-09-14,LinkedIn Ads,878.5
2026-09-14,Email Marketing,195.71
2026-09-15,Google Ads,1458.05
2026-09-15,Meta Ads,678.25
2026-09-15,LinkedIn Ads,621.42
2026-09-15,Email Marketing,142.78
2026-09-16,Google Ads,915.81
2026-09-16,Meta Ads,948.25
2026-09-16,LinkedIn Ads,700.73
2026-09-16,Email Marketing,159.89
2026-09-17,Google Ads,1384.11
2026-09-17,Meta Ads,1102.37
2026-09-17,LinkedIn Ads,562.21
2026-09-17,Email Marketing,208.66
2026-09-18,Google Ads,1028.34
2026-09-18,Meta Ads,866.67
2026-09-18,LinkedIn Ads,594.88
2026-09-18,Email Marketing,136.83
2026-09-19,Google Ads,899.79
2026-09-19,Meta Ads,1058.75
2026-09-19,LinkedIn Ads,785.5
2026-09-19,Email Marketing,165.07
2026-09-20,Google Ads,1222.92
2026-09-20,Meta Ads,844.73
2026-09-20,LinkedIn Ads,645.93
2026-09-20,Email Marketing,167.57
2026-09-21,Google Ads,1163.62
2026-09-21,Meta Ads,809.51
2026-09-21,LinkedIn Ads,344.73
2026-09-21,Email Marketing,149.04
2026-09-22,Google Ads,1481.44
2026-09-22,Meta Ads,909.15
2026-09-22,LinkedIn Ads,445.76
2026-09-22,Email Marketing,125.37
2026-09-23,Google Ads,880.17
2026-09-23,Meta Ads,589.67
2026-09-23,LinkedIn Ads,750.97
2026-09-23,Email Marketing,155.24
2026-09-24,Google Ads,1292.69
2026-09-24,Meta Ads,569.03
2026-09-24,LinkedIn Ads,654.42
2026-09-24,Email Marketing,170.95
2026-09-25,Google Ads,1450.59
2026-09-25,Meta Ads,742.75
2026-09-25,LinkedIn Ads,471.87
2026-09-25,Email Marketing,188.3
2026-09-26,Google Ads,1329.03
2026-09-26,Meta Ads,855.35
2026-09-26,LinkedIn Ads,675.57
2026-09-26,Email Marketing,202.74
2026-09-27,Google Ads,1261.41
2026-09-27,Meta Ads,979.49
2026-09-27,LinkedIn Ads,694.01
2026-09-27,Email Marketing,172.39
2026-09-28,Google Ads,1171.75
2026-09-28,Meta Ads,912.83
2026-09-28,LinkedIn Ads,411.62
2026-09-28,Email Marketing,110.58
2026-09-29,Google Ads,1720.25
2026-09-29,Meta Ads,808.12
2026-09-29,LinkedIn Ads,428.5
2026-09-29,Email Marketing,190.5
2026-09-30,Google Ads,1559.8
2026-09-30,Meta Ads,703.07
2026-09-30,LinkedIn Ads,603.36
2026-09-30,Email Marketing,143.39
2026-10-01,Google Ads,1138.31
2026-10-01,Meta Ads,773.69
2026-10-01,LinkedIn Ads,516.88
2026-10-01,Email Marketing,135.18
